data,argomento,letture,gruppi,provvisoria
2026-09-29,Introduzione al corso,[Introduzione](dispensa/introduzione.pdf),,
2026-09-30,Quello che diamo per scontato,[Cap. 1 e approfondimento sulla conoscenza comune](dispensa/capitolo-01.pdf),,
2026-10-05,Scrivere per farsi capire,"Steven Pinker, [*Linguistics, Style and Writing in the 21st Century*](https://www.youtube.com/watch?v=OV5J6BfToSw), video discusso in italiano",,
2026-10-06,I suoni delle lingue,[§2.1](dispensa/capitolo-02.pdf),,
2026-10-07,Dalle parole alle frasi,[§§2.2–2.3](dispensa/capitolo-02.pdf),,
2026-10-12,Come si acquisisce una lingua,[§2.3](dispensa/capitolo-02.pdf),,
2026-10-14,Che cosa significa una frase?,"[Cap. 3, pp. 43–44](dispensa/capitolo-03.pdf)",,
2026-10-19,Combinare i significati e confrontare le informazioni,"[Cap. 3, pp. 45–49](dispensa/capitolo-03.pdf)",,
2026-10-20,Informazioni nuove e informazioni date per scontate,[Cap. 1](dispensa/capitolo-01.pdf) e [cap. 3](dispensa/capitolo-03.pdf); materiali integrativi del docente,,
2026-10-21,La musica comunica un significato?,[Cap. 8](dispensa/capitolo-08.pdf),,
2026-10-26,Interpretare la musica,[Cap. 8](dispensa/capitolo-08.pdf),,
2026-10-27,Dire e lasciare intendere,"[§§4.1–4.3, selezione; materiali aggiornati del docente](dispensa/capitolo-04.pdf)",,
2026-10-28,Presentazioni dei gruppi 1–2,"Moro, capp. 1–4",1–2,
2026-11-02,"La comunicazione delle scimmie di Campbell, I","[Cap. 7, pp. 121–125](dispensa/capitolo-07.pdf)",,
2026-11-03,"La comunicazione delle scimmie di Campbell, II","[Cap. 7, pp. 125–131](dispensa/capitolo-07.pdf)",,
2026-11-04,Presentazioni dei gruppi 3–4,"Moro, capp. 5–8",3–4,
2026-11-09,I principi della conversazione,"[Cap. 5](dispensa/capitolo-05.pdf) e [§4.5](dispensa/capitolo-04.pdf), selezione",,
2026-11-10,A quale domanda stiamo rispondendo?,[Cap. 6](dispensa/capitolo-06.pdf),,
2026-11-11,Presentazioni dei gruppi 5–6,"Moro, capp. 9–11; Domaneschi–Penco, cap. 1, §§1–4",5–6,
2026-11-16,"Lingue, dialetti e comunità","[Cap. 9, §§9.1–9.2](dispensa/capitolo-09.pdf)",,
2026-11-17,La lingua varia con la società,"[Cap. 9, §§9.2–9.4](dispensa/capitolo-09.pdf)",,
2026-11-18,Studiare la variazione: William Labov,"[Cap. 10, §10.1 e prima parte del §10.2](dispensa/capitolo-10.pdf)",,
2026-11-23,La lingua a New York,"[Cap. 10, §10.2](dispensa/capitolo-10.pdf)",,
2026-11-24,Riconoscere il ruolo del contesto,"[§5.10](dispensa/capitolo-05.pdf); Domaneschi–Penco, cap. 3",,
2026-11-25,Agire con le parole,"Domaneschi–Penco, cap. 4; materiali del docente",,
2026-11-30,Presentazioni dei gruppi 7–8,"Domaneschi–Penco, cap. 1, §5 e cap. 2",7–8,si
2026-12-07,Come si analizza un testo,"[Cap. 11, fino al §11.2.1 incluso](dispensa/capitolo-11.pdf)",,
2026-12-09,Presentazioni dei gruppi 9–10,"Domaneschi–Penco, cap. 3",9–10,
2026-12-14,Racconti e pubblicità,"[Cap. 11, §11.2.2](dispensa/capitolo-11.pdf); materiali applicativi",,
2026-12-15,Ripasso e simulazione d'esame,Materiali del corso,,
2026-12-16,Presentazioni dei gruppi 11–12,"Domaneschi–Penco, cap. 4",11–12,
2026-12-21,Presentazioni dei gruppi 13–14,"Domaneschi–Penco, capp. 5–6",13–14,si
